featureId,feature,featureColor,featureLayer,featureTooltip,featureWeight
AOZ_LINK,"-23.362719720560832,120.0803247126762440;-23.362612925925596,120.0812081619867705;-23.361748229098330,120.0821090663878926;-23.355713543368487,120.0822485134520252;-23.355397463776801,120.0821541117770341;-23.354807461169725,120.0816804104875410;-23.354659677781009,120.0790714991979058;-23.354329670932086,120.0790561215844717;-23.353769728047317,120.0792398556698619;-23.349795964082192,120.0839710116142386;-23.347869528972991,120.0852376276935475;-23.343482038244965,120.0931912741102767;-23.334367928548236,120.0926319026763358;-23.333185986613185,120.0934094555663369;-23.331244267620782,120.0941300351595924;-23.327807823450021,120.0953728798761842;-23.324690455896403,120.0953829366152400;-23.322665878698474,120.0953711599571889;-23.322664540257120,120.0959483945405991;-23.328004242972103,120.0958726677867558;-23.334621143998088,120.0934366449373864;-23.343782004286996,120.0940654598543060;-23.348591612718934,120.0857591637711978;-23.350469332364688,120.0846641890415488;-23.354101849986523,120.0803866212141933;-23.354281259053986,120.0816451654377762;-23.354383756658046,120.0818983849953718;-23.354670690830393,120.0822449214145297;-23.354857269005827,120.0824271415599463;-23.355183337541460,120.0826382231718301;-23.355435496950078,120.0827137444637931;-23.355466188364634,120.0830558622621023;-23.355480462810686,120.0833423289018436;-23.355779857994539,120.0833690496025038;-23.355749119172195,120.0828766082335269;-23.362356701748416,120.0827211605101602;-23.363615747329542,120.0810092008009256;-23.362719720560832,120.0803247126762440",purple,Jimblebar Zones,AOZ_LINK,1
AOZ_OB18,"-23.338345000783234,120.0440196643094656;-23.338455119365517,120.0431950927712334;-23.337933812844000,120.0427735252893256;-23.338668105526116,120.0391112355452730;-23.336366653408214,120.0386231382653567;-23.336045911963630,120.0393617263985491;-23.335798358130564,120.0433981466995677;-23.335221085201029,120.0441949102606384;-23.335134540129343,120.0434098378158970;-23.334373967539146,120.0436095001454099;-23.334625780366453,120.0445834419019952;-23.336107535505504,120.0467983949453819;-23.334575051020136,120.0489660990671161;-23.332293277541903,120.0535584898136770;-23.330624648891519,120.0547286894883852;-23.330085245903968,120.0541252067609835;-23.329699954219379,120.0545214791802764;-23.327986324270672,120.0532882591651780;-23.326228009785974,120.0475916878115399;-23.322192956648110,120.0494112373623321;-23.323718590190939,120.0614474961426099;-23.323457208191240,120.0645825609153502;-23.318626963291488,120.0882575576490458;-23.313908756097121,120.0869724926193567;-23.312960357990493,120.0859817790039325;-23.305317446553907,120.0879290091309473;-23.304301776026383,120.1065833414973169;-23.314084621325487,120.1079335954712963;-23.309394921032563,120.1187630275086063;-23.309954420877931,120.1226644365863476;-23.314745244066034,120.1276685722646844;-23.315777913529902,120.1200067375040976;-23.323893324623599,120.1189731195901305;-23.326358803196064,120.1145061251153104;-23.322525280888724,120.1036555731269293;-23.322752734918255,120.0953820220394081;-23.324414437877951,120.0953843848396592;-23.324401266334617,120.0950298472257301;-23.324134225763750,120.0952121342381874;-23.323928721690731,120.0952234653979854;-23.323897034225708,120.0942583409445263;-23.325038297944270,120.0942805223075942;-23.325046402933741,120.0930885948731447;-23.324774445497924,120.0930987478621296;-23.324644746230766,120.0932471065196097;-23.324371574057549,120.0930843433117470;-23.323970520811849,120.0930265142503979;-23.323959921737086,120.0928330587348516;-23.322924738856711,120.0928470718021589;-23.322611261921579,120.0928079291306905;-23.322601104198704,120.0926498784151925;-23.324207845975506,120.0925623562970459;-23.325205858443173,120.0630104932181197;-23.328526478112093,120.0629705225516238;-23.331619352368411,120.0611476812388404;-23.332518955655410,120.0572075437869140;-23.332229904685469,120.0554190941754511;-23.332616471678726,120.0549834071406757;-23.333171740373323,120.0553594006326916;-23.334331481622939,120.0561267460797694;-23.335930583025500,120.0568684970438629;-23.340342018232881,120.0513854597012107;-23.338330228952749,120.0499079068787519;-23.339148364864892,120.0473231210585680;-23.338659288929306,120.0469123141302523;-23.339093023036381,120.0450859661577858;-23.338345000783234,120.0440196643094656",green,Jimblebar Zones,AOZ_OB18,1
AOZ_W5,"-23.385390440738176,120.1367104088003405;-23.384733325874288,120.1350636509704398;-23.384343477398042,120.1352916037168609;-23.383874426507938,120.1336828063666497;-23.383453881195505,120.1297895244336694;-23.381627329929542,120.1312930267525912;-23.377820793424377,120.1356735695152855;-23.375494778218250,120.1361494192138329;-23.377048566378785,120.1409619332058804;-23.374782282632108,120.1437962141121365;-23.374326458861576,120.1439296844371128;-23.374325720399877,120.1465183403287528;-23.376031154114756,120.1486303218235253;-23.379193879297768,120.1475590053084223;-23.382078270289219,120.1473286798024318;-23.383059187533434,120.1526993177699188;-23.371330065768965,120.1528532425723862;-23.368499260939230,120.1586265699009697;-23.364647685567716,120.1566207541552875;-23.361697597790470,120.1693902319366335;-23.363069328493205,120.1825445667680558;-23.363076768047423,120.1827357725937933;-23.362962493886024,120.1873662588148844;-23.361794763815142,120.1918147591803536;-23.364590155603550,120.2073150016207437;-23.363749883350064,120.2099530886926458;-23.363468031261169,120.2202773742368292;-23.364118430465046,120.2255255400170860;-23.365911406373985,120.2280923125104667;-23.366261196356816,120.2283907340262106;-23.367183250844872,120.2318393388659835;-23.366514358928644,120.2322294303405103;-23.366575600048287,120.2413231790193908;-23.371668574480034,120.2414404012155529;-23.371775041471878,120.2328432109825114;-23.371933955384096,120.2325165590256723;-23.371843234390473,120.2321271003691852;-23.370040597212482,120.2308270746765233;-23.369113613706702,120.2262994064430150;-23.372269455263484,120.2224550744243191;-23.372219881576409,120.2215205611626292;-23.373243661044420,120.2206510624481710;-23.373003607056042,120.2180206281547858;-23.374242493135367,120.2176614813743791;-23.374585185010760,120.2184708264895016;-23.375154778165614,120.2183249429129933;-23.373138421917464,120.2138661516642137;-23.377860197188068,120.2096066539174417;-23.381409965959536,120.2181398367775076;-23.379764245819198,120.2200315324562921;-23.380358683349989,120.2211007579272969;-23.383749197354669,120.2181785307833270;-23.379263689712486,120.2089059894771698;-23.382920133946769,120.2065286422742158;-23.387184084585249,120.2109991275872886;-23.387887725991255,120.2046384445846630;-23.382465620066718,120.2023868400123598;-23.383166478630571,120.1978685741025322;-23.383255490318483,120.1976032400048580;-23.384995719920222,120.1951645372954601;-23.386475119141923,120.1942437229569103;-23.386711685272461,120.1828303953370480;-23.387470059378767,120.1817916789311077;-23.387481209839190,120.1797357579537263;-23.383677226883583,120.1792795398600505;-23.383567693817870,120.1717213964318291;-23.382415901115172,120.1715765690978925;-23.384000161423732,120.1661054665464528;-23.384604396298104,120.1657474501224664;-23.384824428485522,120.1651333586352496;-23.386068190589348,120.1654060210654731;-23.386653182125201,120.1635057441652422;-23.386652950543891,120.1621019743619484;-23.386198773533190,120.1618434494457653;-23.385780660466671,120.1620844080944223;-23.385769562208367,120.1623747851330552;-23.385899516002475,120.1626002304452658;-23.384941188958864,120.1625485249821997;-23.385011131521417,120.1620292923940171;-23.385240043729026,120.1619375685739984;-23.385441542746149,120.1620393954803724;-23.385548295179228,120.1619369049737114;-23.386042298007626,120.1615351629873864;-23.386168400001471,120.1613365332233791;-23.387147580795811,120.1613998786932396;-23.387202968962907,120.1599929829797173;-23.386509008961778,120.1596356604464334;-23.388127456307087,120.1542802614498448;-23.387904166344633,120.1378284711737103;-23.385390440738176,120.1367104088003405",brown,Jimblebar Zones,AOZ_W5,1
AOZ_WSHOP_CALPAD,"-23.386513906440652,120.0734684705900790;-23.386057934955820,120.0734867286977999;-23.386072314289411,120.0740385355128466;-23.386083422423475,120.0752960902262121;-23.386136135313473,120.0775701167661315;-23.386150242993908,120.0797072161485635;-23.386166483733237,120.0813301640863545;-23.386300019059562,120.0813445502683747;-23.386308309087460,120.0814030371664214;-23.387475687084296,120.0813538239511590;-23.387306793774493,120.0736175767893535;-23.386714800600091,120.0734750371073292;-23.386513906440652,120.0734684705900790",yellow,Jimblebar Zones,AOZ_WSHOP_CALPAD,1
AOZ_W4_PC2,"-23.382457198047657,120.1163837630707663;-23.382499504184162,120.1181066676891871;-23.382295424064715,120.1204061055564618;-23.382325936420479,120.1232749698387671;-23.381373005733240,120.1232971061838118;-23.378894867575662,120.1233993371619091;-23.378561902438418,120.1236258267392192;-23.378526738172117,120.1237706709275113;-23.378659733965855,120.1240938218758531;-23.366208341216501,120.1259651221726186;-23.366255103727453,120.1263092949348250;-23.365954341475771,120.1285427090269734;-23.365874158639135,120.1393215977466138;-23.369829584943052,120.1419007431202045;-23.373225654254971,120.1419767722323099;-23.371901970947910,120.1376394020336889;-23.373403130238461,120.1373512782863256;-23.373744265404071,120.1391864813947105;-23.374267154398028,120.1391249010189411;-23.374133654388819,120.1370876505938849;-23.375589399101229,120.1361613576611426;-23.377843270671596,120.1356912734331780;-23.381606731063065,120.1313374280150599;-23.383449401558618,120.1299837613467231;-23.383865660085538,120.1337117555254346;-23.384405253245147,120.1355476567910124;-23.384870894948684,120.1354973198827233;-23.385415590565175,120.1368547680858135;-23.388006501140401,120.1380193900614805;-23.387484869789806,120.1362044199125013;-23.387948310676637,120.1359562269159802;-23.387518166311631,120.1346941446762372;-23.386990887921636,120.1336840947406971;-23.387539948863519,120.1333489605101876;-23.387262181540415,120.1252395865936111;-23.385815476755771,120.1251781653038784;-23.385815709443189,120.1243624863656784;-23.385994814104498,120.1241560359578299;-23.385984120827960,120.1236597816298882;-23.385814288697235,120.1236456863821702;-23.385657507453308,120.1234595561395883;-23.385620276838320,120.1223021501541730;-23.386389598050609,120.1221359371266151;-23.386896575341841,120.1215135519339586;-23.386888007753153,120.1202124749556582;-23.385775176985289,120.1202201255174098;-23.385818506661130,120.1196210836770313;-23.383157202026601,120.1196088723820939;-23.383190990544523,120.1182729803418658;-23.383989254202414,120.1185661510683912;-23.384683399493972,120.1185904536096828;-23.384667038074707,120.1183400762201848;-23.384694995624509,120.1178208407686806;-23.384801637874416,120.1177880839588518;-23.384904929543413,120.1184228339782543;-23.385189442164610,120.1183957618863971;-23.385717849946285,120.1182953540039363;-23.386575412964695,120.1186635438534681;-23.387162210306647,120.1183458211718093;-23.386309020737978,120.1165730794071854;-23.385698303791021,120.1168650782075688;-23.383906238450927,120.1171200268199140;-23.383030789662267,120.1170973745689090;-23.382966941088136,120.1161944507775955;-23.382457198047657,120.1163837630707663",pink,Jimblebar Zones,AOZ_W4_PC2,1
AOZ_BULKING,"-23.363624670127896,120.0785330191841346;-23.363964866639990,120.0782779715562789;-23.364244533915171,120.0784610782793347;-23.365090919612496,120.0781307566843387;-23.366627181504573,120.0775974426285455;-23.366875041009199,120.0772371524259022;-23.367102939807036,120.0762667643013560;-23.367538898573761,120.0755042222340145;-23.368620651471916,120.0742935898003898;-23.368615852853285,120.0740234569466151;-23.367800388005315,120.0729420888010872;-23.367721423143404,120.0724881786165287;-23.367864073989856,120.0718828841428793;-23.368274945849866,120.0710719277648525;-23.368286210041281,120.0708328974342849;-23.365947637156760,120.0691188341108809;-23.364567869221460,120.0692628041731476;-23.364427560518677,120.0670384557011175;-23.364855990210338,120.0670315408899839;-23.364856040040042,120.0668568643212039;-23.364812832081842,120.0663962081522170;-23.364744014759245,120.0661360468621064;-23.364372457553419,120.0661795439605991;-23.364346357471832,120.0643021113410032;-23.364399045119377,120.0638160328716735;-23.365107890964583,120.0635826248994594;-23.364474247740576,120.0537201037807660;-23.364073657966200,120.0533036302996377;-23.363494329546544,120.0530765894889688;-23.363144687116012,120.0532104582682979;-23.363389803156425,120.0551875673177979;-23.363788770642117,120.0609744161520685;-23.363103572107957,120.0612385359518151;-23.363199941613388,120.0620839536606538;-23.363755863846065,120.0620680496470057;-23.364010399180054,120.0686908128542697;-23.362313768954300,120.0689520273820037;-23.362284007870007,120.0767430308057110;-23.363624670127896,120.0785330191841346",,Jimblebar Zones,AOZ_BULKING,1
AOZ_SOUTH_JIMBLEBAR,"-23.388386959800069,120.0979098215887728;-23.388762841651938,120.0978988932614388;-23.388768617991524,120.0972737353970550;-23.389718780479701,120.0971436240952021;-23.389763342565450,120.0957060174285382;-23.388767355791437,120.0953681371405814;-23.388687830821016,120.0895979366412861;-23.392782859561017,120.0902305138110156;-23.392501915590256,120.0954723566680729;-23.392510445256313,120.0981724110729240;-23.393976386045329,120.1032834145376656;-23.396506141835734,120.1039139288932373;-23.397792333190522,120.0918679837492312;-23.396681244300470,120.0898841650217728;-23.399856754989264,120.0898876090940035;-23.398100422087126,120.1050975545302714;-23.397666340890236,120.1090901462624810;-23.397209308525742,120.1093456749384475;-23.397146148564706,120.1098269603352161;-23.398713927992670,120.1114874727236874;-23.405605128238141,120.1014652630953886;-23.406133562704984,120.0889274138201382;-23.415965213425787,120.0853595378031202;-23.416188364590309,120.0731789429140980;-23.412358183394016,120.0724554268009470;-23.408537888494243,120.0769560709941137;-23.399855931094551,120.0778997691002625;-23.395190998263102,120.0791360750222667;-23.395152585837414,120.0795893903824600;-23.395382286591126,120.0802150533222258;-23.394928485478515,120.0802213795836711;-23.394711879498569,120.0792698371682513;-23.394181487271407,120.0787304161722678;-23.392231363096304,120.0791631602808112;-23.391059686371782,120.0806714996196633;-23.390338338797022,120.0823169898014882;-23.390263271820154,120.0833916465941683;-23.390590680508950,120.0852350642379057;-23.389156893912497,120.0851502688567514;-23.389301274691885,120.0889255812580055;-23.387991339643569,120.0889347832292196;-23.387848130509320,120.0813688132457831;-23.386164204182251,120.0814083087131825;-23.386044936326040,120.0734755782428739;-23.387293261934665,120.0732600072506637;-23.387118087501897,120.0720330537597818;-23.386367065345077,120.0704049699428229;-23.384899295445217,120.0682242489843768;-23.379137157749192,120.0634346273544855;-23.377758769803998,120.0631722250823097;-23.375715936031758,120.0641728084326101;-23.375515008013214,120.0633354034580368;-23.374400448655221,120.0624393520391195;-23.373279962793527,120.0623783442100083;-23.373031912106136,120.0627757996277363;-23.374669540212581,120.0642461872969750;-23.374604950276034,120.0643595368378031;-23.373907143702773,120.0641928325411666;-23.373894425323900,120.0644653114778713;-23.374945900342017,120.0646280299617142;-23.376958279861045,120.0646695379703983;-23.378817053559790,120.0644714175852094;-23.382219394687711,120.0669330635576163;-23.384562676859918,120.0695469169356927;-23.385498136560631,120.0728474485965824;-23.385758015406268,120.0828944011204141;-23.385898907836408,120.0830725104143841;-23.386049569173556,120.0831891021417137;-23.386630734899503,120.0833057232288663;-23.386834630128122,120.0851360268160761;-23.387443946136445,120.0872228959297212;-23.387429319852148,120.0888028083403853;-23.384780017762732,120.0894449014854348;-23.384792860514263,120.0900024785863709;-23.388224971238726,120.0897074446946133;-23.388386959800069,120.0979098215887728",red,Jimblebar Zones,AOZ_SOUTH_JIMBLEBAR,1
AOZ_W1_W2_W3_PC1,"-23.384965709107861,120.0946349404534875;-23.384747147054202,120.0878799497300205;-23.381820011687481,120.0774787676033767;-23.380494461805949,120.0749369668119605;-23.373310505349871,120.0724210755544403;-23.373174160420632,120.0724438544089320;-23.371406802406342,120.0724952761806941;-23.369925725690523,120.0729662933413203;-23.368573717732221,120.0742331442022557;-23.367505668376941,120.0755159563555879;-23.367050363425369,120.0763628034894457;-23.366869263068503,120.0772349025575206;-23.366578975134626,120.0775670225358139;-23.365301241019760,120.0780074411525477;-23.364236057447537,120.0784231300472727;-23.363924531628891,120.0781911195355555;-23.363566454335277,120.0784577067253304;-23.362904434908612,120.0797607918383640;-23.362797053411302,120.0804858976764166;-23.363571145403251,120.0810039163846112;-23.356294402843257,120.1068604429644962;-23.358392591065685,120.1086857899718934;-23.359321594035269,120.1074003276485225;-23.359596403119558,120.1072056201554158;-23.362564554272330,120.1061284221767102;-23.362555003745354,120.1057409251205784;-23.365290272728535,120.1028465272108675;-23.372798729878295,120.1066383815623039;-23.364269316534517,120.1134427531370619;-23.359906987068061,120.1196016141611080;-23.360770023744310,120.1273689122870750;-23.366665943730868,120.1259265211038959;-23.366334966712936,120.1229818388255782;-23.375310276305071,120.1214091881412896;-23.380223563385863,120.1142801566313399;-23.382547841970211,120.1164103717316380;-23.383947089268669,120.1163482643029404;-23.383838877716103,120.1152354517504679;-23.384744403514377,120.1152219188568806;-23.384243098680500,120.1133677309981496;-23.382809225867122,120.1132686563392577;-23.383005279609877,120.1096699997919986;-23.384559265613220,120.1090413287938610;-23.385389972784838,120.1098648886595992;-23.385616245781271,120.1095295368089201;-23.385632195417428,120.1093243467161320;-23.386279028615986,120.1090319591659010;-23.386389174662837,120.1087441317662241;-23.386393555098420,120.1079481115605074;-23.386638517951601,120.1079301324719760;-23.386654658609422,120.1064223011465025;-23.385379658393510,120.1064579123728391;-23.385329187119266,120.1080368443066038;-23.382868826969781,120.1091208253389773;-23.382797081429847,120.1086806080992332;-23.383245062969308,120.1085014631301286;-23.383243082518944,120.1081641396482320;-23.384155486398516,120.1080944681686085;-23.384110220522881,120.1066185165088919;-23.382833849574319,120.1067115381388733;-23.382708730813963,120.1069450837237251;-23.382635280192042,120.1064682879589651;-23.382701705732971,120.1062504846916506;-23.383195958205789,120.1062396622402664;-23.383195892596290,120.1055201238586834;-23.383320314623702,120.1055133839210978;-23.383375741860934,120.1061851002978693;-23.383930580469911,120.1061696852264790;-23.383939892222734,120.1054951369710948;-23.384077857691045,120.1054887891700814;-23.384116114360883,120.1062144917598535;-23.384576679298196,120.1062360398807843;-23.384592805179726,120.1054130267840861;-23.385342925616554,120.1060874312252652;-23.386853646008246,120.1061497371098637;-23.386829070360445,120.1052586501879715;-23.386220759966047,120.1050273040585669;-23.385526725025962,120.1033501269056446;-23.385455122644502,120.0976604190065153;-23.385607367391895,120.0966575550494725;-23.384626620229814,120.0957548621365984;-23.384965709107861,120.0946349404534875",orange,Jimblebar Zones,AOZ_W1_W2_W3_PC1,1
AOZ_OB18_CALPAD,"-23.339249170841153,120.0364147422663588;-23.340530782770039,120.0369402286323583;-23.343138589190490,120.0298350994867620;-23.341774466445592,120.0292585542065821;-23.339249170841153,120.0364147422663588",yellow,Jimblebar Zones,AOZ_OB18_CALPAD,1
